ID,Count
18288,597.0135
18289,444.26645
18290,353.2883
18291,298.2244
18292,248.85785
18293,215.42343
18294,239.4706
18295,280.0188
18296,323.2218
18297,432.3328
18298,722.0187
18299,786.35876
18300,753.8937
18301,645.3605
18302,652.1481
18303,660.4544
18304,620.39905
18305,664.97345
18306,699.8396
18307,766.7452
18308,709.1776
18309,640.5519
18310,599.7647
18311,651.3967
18312,541.13605
18313,418.6134
18314,348.648
18315,275.79303
18316,233.63188
18317,196.87506
18318,210.35072
18319,242.37248
18320,289.92505
18321,372.53912
18322,530.6697
18323,584.92334
18324,560.19055
18325,492.87405
18326,470.12692
18327,476.78363
18328,448.0421
18329,497.07257
18330,511.2215
18331,580.97217
18332,557.47595
18333,505.3271
18334,483.0956
18335,510.91824
18336,419.5711
18337,290.66275
18338,242.46964
18339,197.37445
18340,173.04156
18341,155.5649
18342,172.21877
18343,197.42354
18344,244.75261
18345,324.03867
18346,475.38684
18347,568.6199
18348,536.4023
18349,497.51523
18350,477.7572
18351,492.00583
18352,456.55536
18353,508.47427
18354,576.9498
18355,647.0569
18356,635.75146
18357,607.1116
18358,561.4231
18359,613.5664
18360,344.29922
18361,258.72668
18362,209.44475
18363,169.01637
18364,146.86
18365,155.07883
18366,183.81082
18367,212.407
18368,263.47012
18369,379.04422
18370,646.2907
18371,695.50226
18372,666.6987
18373,620.90234
18374,649.3272
18375,651.5174
18376,601.046
18377,608.1965
18378,603.4574
18379,641.2201
18380,613.2301
18381,568.69135
18382,533.66254
18383,572.2264
18384,465.67017
18385,360.64795
18386,299.7563
18387,237.41125
18388,208.58922
18389,190.18199
18390,211.0958
18391,257.84195
18392,317.8169
18393,415.46826
18394,709.1193
18395,776.93604
18396,744.1045
18397,698.99023
18398,754.06683
18399,748.7612
18400,679.1061
18401,729.4894
18402,733.7566
18403,767.4653
18404,732.8263
18405,671.6199
18406,611.0689
18407,681.3529
18408,432.0657
18409,312.61273
18410,244.6905
18411,186.83273
18412,162.30952
18413,155.74768
18414,160.75293
18415,199.78949
18416,247.4994
18417,342.22693
18418,521.1655
18419,529.2944
18420,548.62854
18421,520.4241
18422,501.94315
18423,513.9437
18424,497.9666
18425,546.9522
18426,546.4534
18427,530.8992
18428,514.40137
18429,494.61224
18430,468.12125
18431,464.86798
18432,308.37372
18433,210.84604
18434,168.78589
18435,141.38168
18436,114.14217
18437,108.83271
18438,121.73846
18439,149.21266
18440,176.01479
18441,269.01883
18442,406.81464
18443,480.7383
18444,480.37482
18445,411.29102
18446,426.43723
18447,394.67746
18448,375.5622
18449,385.4482
18450,391.8082
18451,423.75385
18452,399.354
18453,357.73438
18454,365.00885
18455,334.10632
18456,297.44952
18457,211.5596
18458,174.63248
18459,145.16902
18460,124.48099
18461,116.38611
18462,128.85307
18463,162.89093
18464,183.40948
18465,268.51508
18466,399.99365
18467,472.42438
18468,460.54175
18469,382.11646
18470,403.27496
18471,391.07465
18472,349.55917
18473,367.38766
18474,380.2816
18475,409.733
18476,387.51666
18477,343.48895
18478,340.03186
18479,322.41934
18480,347.08728
18481,296.0397
18482,264.58688
18483,199.133
18484,173.83525
18485,159.10074
18486,165.14868
18487,221.9749
18488,257.66528
18489,347.56213
18490,467.06036
18491,524.8623
18492,526.98517
18493,462.2342
18494,463.43802
18495,473.06436
18496,432.00253
18497,463.45972
18498,456.12292
18499,495.52484
18500,471.38034
18501,412.9248
18502,409.71088
18503,394.91074
18504,298.82742
18505,239.92522
18506,214.3441
18507,166.05527
18508,142.50217
18509,132.8963
18510,140.23776
18511,176.4562
18512,197.54337
18513,281.01227
18514,357.41602
18515,415.77856
18516,399.99652
18517,333.18304
18518,341.98608
18519,335.3924
18520,327.98053
18521,347.8039
18522,353.36096
18523,403.11923
18524,380.39233
18525,318.9521
18526,331.62476
18527,312.71445
18528,381.61877
18529,326.58514
18530,285.41782
18531,217.39073
18532,200.68756
18533,185.3152
18534,190.86667
18535,241.11522
18536,259.76874
18537,337.94687
18538,399.77173
18539,471.68655
18540,445.16568
18541,392.13763
18542,386.0686
18543,375.52576
18544,375.93512
18545,377.403
18546,385.92392
18547,417.26797
18548,399.07327
18549,354.84305
18550,350.60345
18551,332.6013
18552,372.6143
18553,316.9194
18554,285.3094
18555,216.58754
18556,203.79062
18557,190.94426
18558,209.21036
18559,273.91483
18560,292.14682
18561,395.14697
18562,562.6299
18563,641.33124
18564,653.932
18565,531.8377
18566,556.18695
18567,539.9296
18568,509.82486
18569,533.3225
18570,566.98413
18571,613.881
18572,568.6498
18573,490.84683
18574,459.33026
18575,440.82812
18576,388.9402
18577,291.64236
18578,245.11533
18579,186.50092
18580,155.80981
18581,142.03488
18582,170.61035
18583,212.10417
18584,243.86607
18585,335.65668
18586,543.40686
18587,595.55414
18588,591.8693
18589,465.6895
18590,502.75247
18591,459.6326
18592,440.3493
18593,438.92346
18594,513.8801
18595,575.28107
18596,522.0866
18597,467.35504
18598,442.1179
18599,427.57422
18600,439.50452
18601,344.29
18602,299.897
18603,214.15411
18604,202.08215
18605,187.74438
18606,207.39247
18607,280.17453
18608,319.01465
18609,437.50165
18610,757.06366
18611,793.22797
18612,806.79456
18613,615.32104
18614,665.28723
18615,627.19916
18616,558.1589
18617,618.00037
18618,687.7693
18619,768.08624
18620,659.7785
18621,586.20154
18622,531.0321
18623,555.35834
18624,373.22748
18625,295.75232
18626,272.16772
18627,203.86261
18628,192.04158
18629,184.02695
18630,196.796
18631,241.87723
18632,274.32242
18633,373.6665
18634,557.16364
18635,598.4819
18636,626.7
18637,537.2827
18638,564.4181
18639,505.02393
18640,516.5331
18641,539.2305
18642,568.4143
18643,660.80334
18644,605.0794
18645,521.03754
18646,507.47653
18647,481.83
18648,428.5542
18649,322.2707
18650,260.9789
18651,213.93591
18652,173.42822
18653,170.85486
18654,210.45999
18655,247.53033
18656,285.4555
18657,430.594
18658,733.9097
18659,751.45776
18660,832.6975
18661,657.26324
18662,737.7894
18663,695.52155
18664,635.136
18665,665.2869
18666,655.852
18667,748.1405
18668,682.86237
18669,599.65356
18670,600.0097
18671,585.131
18672,399.20093
18673,321.68732
18674,263.53268
18675,205.11032
18676,177.12518
18677,153.37605
18678,165.012
18679,206.6229
18680,239.95682
18681,301.2101
18682,419.41272
18683,418.9595
18684,463.51733
18685,348.80023
18686,357.53943
18687,296.7398
18688,290.4364
18689,293.81454
18690,307.31192
18691,440.23712
18692,359.40607
18693,331.33334
18694,369.70627
18695,347.03033
18696,403.79962
18697,344.4295
18698,320.79074
18699,251.22574
18700,220.83072
18701,236.51009
18702,265.85977
18703,310.93237
18704,383.37207
18705,489.91568
18706,761.19385
18707,775.9907
18708,805.91797
18709,733.8151
18710,748.81274
18711,691.96594
18712,721.13214
18713,692.1067
18714,690.38696
18715,760.05347
18716,699.5028
18717,622.3458
18718,569.847
18719,538.13403
18720,481.97574
18721,416.96014
18722,396.59335
18723,308.19202
18724,268.4163
18725,255.66321
18726,269.0689
18727,323.64987
18728,401.86536
18729,487.59763
18730,757.4603
18731,785.8419
18732,789.5233
18733,703.02155
18734,732.1278
18735,671.6106
18736,695.2519
18737,687.67145
18738,668.5629
18739,755.9291
18740,674.5082
18741,586.4679
18742,546.0625
18743,524.7738
18744,457.23267
18745,395.2352
18746,379.8824
18747,282.00092
18748,248.12454
18749,227.61737
18750,232.6865
18751,293.01743
18752,370.0658
18753,436.95917
18754,730.2875
18755,740.4762
18756,735.4413
18757,603.55023
18758,632.4511
18759,584.23645
18760,562.8632
18761,594.10175
18762,578.08966
18763,657.84955
18764,568.69293
18765,475.84024
18766,451.0938
18767,454.05338
18768,508.65335
18769,390.53696
18770,350.9225
18771,276.32928
18772,244.22374
18773,227.83823
18774,239.07487
18775,286.07248
18776,346.03967
18777,435.2771
18778,758.202
18779,783.78784
18780,779.3692
18781,674.43445
18782,696.57916
18783,638.1135
18784,682.18054
18785,673.8852
18786,689.157
18787,783.28687
18788,666.0652
18789,588.1716
18790,574.30664
18791,554.10016
18792,479.27225
18793,350.44708
18794,292.61002
18795,251.35289
18796,212.46063
18797,193.70486
18798,209.00919
18799,245.05666
18800,288.89642
18801,388.04556
18802,656.38934
18803,698.0606
18804,695.9568
18805,602.8807
18806,624.9494
18807,575.4941
18808,624.4121
18809,628.92004
18810,644.8318
18811,710.9298
18812,622.39014
18813,578.8772
18814,538.98303
18815,530.43243
18816,365.39862
18817,272.58655
18818,248.39066
18819,208.36847
18820,181.09601
18821,163.15843
18822,168.98793
18823,187.32599
18824,220.07982
18825,269.37842
18826,354.8507
18827,377.957
18828,368.13605
18829,338.74573
18830,315.1341
18831,297.10504
18832,328.07214
18833,337.53708
18834,350.62476
18835,398.30655
18836,368.53967
18837,360.78732
18838,345.61713
18839,343.1755
18840,304.12317
18841,196.88902
18842,175.52625
18843,155.05434
18844,140.96252
18845,130.04936
18846,140.73079
18847,155.72586
18848,188.15479
18849,240.00336
18850,334.84363
18851,398.43433
18852,392.27618
18853,355.33154
18854,337.21066
18855,337.201
18856,362.83582
18857,411.05536
18858,472.5271
18859,534.0408
18860,531.6086
18861,501.98703
18862,475.42682
18863,482.2559
18864,338.0516
18865,248.21661
18866,198.31522
18867,176.5047
18868,142.99547
18869,157.62859
18870,193.30548
18871,208.61182
18872,244.9994
18873,372.61874
18874,646.542
18875,691.3823
18876,710.0955
18877,629.8152
18878,648.3784
18879,646.337
18880,636.6654
18881,680.89496
18882,664.7731
18883,702.0242
18884,686.35
18885,584.84235
18886,549.22406
18887,558.9081
18888,497.5276
18889,381.76895
18890,311.19174
18891,268.93115
18892,217.49718
18893,202.43794
18894,235.24693
18895,268.09967
18896,307.1069
18897,421.1548
18898,689.52637
18899,740.2019
18900,770.6738
18901,685.2038
18902,704.03577
18903,694.84235
18904,697.4312
18905,768.4696
18906,754.3794
18907,809.46875
18908,766.3744
18909,662.8821
18910,636.5262
18911,644.338
18912,560.84656
18913,436.58466
18914,370.96823
18915,312.6054
18916,255.67374
18917,226.13406
18918,258.00726
18919,305.07108
18920,346.90225
18921,429.47076
18922,675.0447
18923,703.82666
18924,720.6096
18925,634.6606
18926,627.56024
18927,612.8366
18928,607.15076
18929,684.24115
18930,680.1472
18931,723.52136
18932,684.7102
18933,596.43005
18934,570.2969
18935,594.1103
18936,559.6786
18937,432.77417
18938,383.42523
18939,332.07248
18940,267.98483
18941,237.71304
18942,275.59802
18943,322.9787
18944,358.4837
18945,435.31122
18946,656.95575
18947,676.33826
18948,696.4651
18949,633.53613
18950,620.3235
18951,608.1529
18952,613.8812
18953,675.36975
18954,705.6166
18955,738.453
18956,677.6958
18957,614.7145
18958,596.29193
18959,616.79724
18960,494.39865
18961,354.60406
18962,286.3431
18963,259.29987
18964,195.81586
18965,169.91676
18966,201.24854
18967,220.64252
18968,241.9757
18969,336.16272
18970,515.089
18971,539.4233
18972,555.86365
18973,500.84882
18974,497.04883
18975,498.8494
18976,508.03668
18977,567.0475
18978,598.0915
18979,631.3806
18980,590.33594
18981,537.62933
18982,505.22473
18983,536.1443
18984,424.65814
18985,317.7067
18986,278.7213
18987,228.02075
18988,185.57373
18989,156.93663
18990,168.23625
18991,185.39047
18992,211.84856
18993,262.47534
18994,350.8604
18995,374.3344
18996,377.8488
18997,345.155
18998,325.72794
18999,331.4256
19000,336.80255
19001,393.2777
19002,407.95596
19003,450.41116
19004,437.0241
19005,396.08255
19006,385.87247
19007,400.55582
19008,368.35507
19009,241.7104
19010,213.40106
19011,185.57222
19012,158.16396
19013,141.21477
19014,157.40395
19015,168.5684
19016,195.78244
19017,257.76617
19018,371.44745
19019,431.0851
19020,435.52576
19021,396.21512
19022,378.56195
19023,394.66162
19024,391.7784
19025,471.64124
19026,528.97736
19027,570.945
19028,574.1983
19029,525.1342
19030,483.24524
19031,519.7646
19032,404.3395
19033,287.17188
19034,229.6922
19035,209.78842
19036,159.60884
19037,166.2724
19038,215.1221
19039,224.92944
19040,261.64294
19041,402.88306
19042,702.5564
19043,733.792
19044,772.2429
19045,676.937
19046,713.60175
19047,717.20844
19048,662.39734
19049,722.36145
19050,731.4021
19051,749.89465
19052,732.13727
19053,632.62573
19054,582.80884
19055,626.2635
19056,483.91623
19057,357.53308
19058,286.79272
19059,254.26863
19060,194.93163
19061,175.84918
19062,213.73686
19063,237.04274
19064,275.61795
19065,383.1947
19066,676.71564
19067,690.0043
19068,703.4336
19069,658.14996
19070,691.7588
19071,686.0931
19072,643.0039
19073,710.829
19074,714.2948
19075,740.9848
19076,703.0927
19077,639.97736
19078,571.43726
19079,622.55695
19080,541.31494
19081,399.94586
19082,330.29462
19083,289.5104
19084,219.88141
19085,193.45462
19086,230.94756
19087,271.51538
19088,316.22766
19089,405.04965
19090,699.66046
19091,690.4146
19092,698.426
19093,655.7079
19094,670.1596
19095,660.0751
19096,616.7719
19097,678.50116
19098,679.4048
19099,711.9371
19100,663.6727
19101,602.88696
19102,535.35144
19103,592.0825
19104,477.66293
19105,351.7018
19106,299.17905
19107,267.61877
19108,204.48053
19109,180.53232
19110,218.35654
19111,251.97107
19112,292.50922
19113,373.40863
19114,627.2684
19115,628.4811
19116,631.08307
19117,605.9447
19118,614.7565
19119,617.29297
19120,584.02386
19121,622.7838
19122,648.97253
19123,662.2923
19124,618.46924
19125,566.70685
19126,503.5922
19127,573.75854
19128,432.35077
19129,307.32455
19130,242.81573
19131,217.37042
19132,162.1488
19133,143.65028
19134,170.82996
19135,190.36395
19136,220.03912
19137,316.34567
19138,529.1447
19139,531.5796
19140,527.2866
19141,512.4836
19142,518.9753
19143,523.56903
19144,519.751
19145,542.99664
19146,563.47736
19147,575.2896
19148,543.7525
19149,513.33124
19150,449.39096
19151,510.01172
19152,219.2824
19153,171.79639
19154,139.85077
19155,119.704796
19156,100.58064
19157,95.30641
19158,100.451004
19159,114.46733
19160,137.64354
19161,169.47894
19162,223.29828
19163,222.03816
19164,232.09932
19165,231.70807
19166,225.70818
19167,242.53618
19168,244.85822
19169,270.2864
19170,282.61246
19171,280.83295
19172,287.92807
19173,276.89386
19174,267.2971
19175,262.35315
19176,347.73737
19177,253.69948
19178,215.20126
19179,197.87433
19180,165.81297
19181,145.68633
19182,156.14178
19183,184.56229
19184,209.42337
19185,273.23923
19186,424.7708
19187,503.92676
19188,512.1754
19189,459.90594
19190,501.7609
19191,485.4974
19192,467.59854
19193,498.41507
19194,499.95154
19195,508.17847
19196,515.9722
19197,445.8338
19198,433.05557
19199,384.9981
19200,324.6024
19201,250.40022
19202,214.94832
19203,195.91516
19204,174.06708
19205,147.69055
19206,156.27477
19207,190.21188
19208,203.2714
19209,254.27666
19210,376.9511
19211,439.27728
19212,434.39822
19213,397.62604
19214,417.978
19215,415.41248
19216,392.7
19217,418.555
19218,426.29498
19219,433.0738
19220,443.80615
19221,389.0354
19222,367.69537
19223,335.7644
19224,263.2373
19225,229.09665
19226,196.10098
19227,164.15942
19228,142.13899
19229,125.161285
19230,131.26268
19231,158.77899
19232,176.3135
19233,223.50061
19234,313.8998
19235,351.0034
19236,350.51025
19237,311.1136
19238,325.90482
19239,338.93402
19240,323.02304
19241,346.78497
19242,356.56317
19243,376.16275
19244,371.26013
19245,319.99734
19246,310.03897
19247,288.91632
19248,287.70743
19249,230.66768
19250,208.18036
19251,178.32477
19252,157.30328
19253,141.9442
19254,154.23468
19255,180.83414
19256,196.33063
19257,238.50363
19258,270.13965
19259,301.263
19260,294.66473
19261,291.82074
19262,286.4848
19263,278.36874
19264,286.16092
19265,289.75876
19266,325.1629
19267,348.7559
19268,355.07507
19269,326.4638
19270,325.70816
19271,316.76465
19272,420.77933
19273,371.9301
19274,324.6836
19275,245.7207
19276,235.36682
19277,212.82901
19278,217.90211
19279,277.57074
19280,304.979
19281,387.11874
19282,460.1484
19283,518.20404
19284,499.1219
19285,488.2173
19286,493.5598
19287,478.6838
19288,489.12277
19289,493.21045
19290,524.5507
19291,529.7573
19292,529.53845
19293,484.04343
19294,462.639
19295,422.9016
19296,324.89145
19297,283.8484
19298,237.54144
19299,188.79654
19300,185.19931
19301,165.44827
19302,173.03136
19303,212.76428
19304,219.24323
19305,276.46143
19306,378.05856
19307,416.7631
19308,430.20605
19309,370.42023
19310,383.7401
19311,375.41318
19312,380.0235
19313,384.24677
19314,407.731
19315,440.5539
19316,422.69855
19317,372.74902
19318,353.70972
19319,333.36746
19320,296.1509
19321,242.95273
19322,216.67398
19323,159.87512
19324,145.8382
19325,146.94118
19326,165.12721
19327,216.28366
19328,250.07114
19329,303.3841
19330,430.19946
19331,457.07556
19332,470.7874
19333,414.9394
19334,407.90176
19335,388.22964
19336,392.66568
19337,387.39755
19338,428.87366
19339,469.16885
19340,423.64044
19341,414.70758
19342,382.9599
19343,375.99896
19344,336.60596
19345,278.14105
19346,250.84212
19347,188.78667
19348,190.91928
19349,173.33534
19350,179.80743
19351,229.97675
19352,250.98964
19353,301.48865
19354,433.6981
19355,465.41522
19356,472.90524
19357,409.0866
19358,409.3814
19359,381.5321
19360,374.53293
19361,383.82285
19362,438.20306
19363,486.19986
19364,433.8034
19365,412.66556
19366,377.88455
19367,380.00607
19368,347.22076
19369,267.97882
19370,262.08316
19371,199.38892
19372,186.25842
19373,167.96967
19374,168.72081
19375,206.8311
19376,240.07323
19377,278.05255
19378,365.30078
19379,403.53046
19380,429.88477
19381,386.59055
19382,363.1243
19383,324.3601
19384,353.87906
19385,381.58887
19386,398.24982
19387,492.102
19388,462.50705
19389,423.4959
19390,422.0642
19391,386.6316
19392,539.1494
19393,419.78296
19394,355.303
19395,295.5438
19396,232.34766
19397,203.91946
19398,233.79495
19399,275.02686
19400,315.8567
19401,421.90588
19402,683.9759
19403,704.1494
19404,791.6582
19405,654.1497
19406,707.60974
19407,641.49664
19408,584.601
19409,623.8782
19410,636.64624
19411,730.52606
19412,670.05176
19413,607.6953
19414,579.0882
19415,573.07654
19416,396.56738
19417,322.13153
19418,274.32608
19419,217.98521
19420,184.1564
19421,155.2398
19422,167.35692
19423,206.88303
19424,243.21716
19425,291.8326
19426,388.166
19427,388.4673
19428,426.7912
19429,344.4048
19430,340.03708
19431,281.71497
19432,284.1706
19433,281.8904
19434,310.17026
19435,430.36646
19436,357.12402
19437,333.70804
19438,358.99814
19439,337.84167
19440,598.05664
19441,500.94504
19442,444.81607
19443,351.647
19444,257.45135
19445,217.5771
19446,261.3089
19447,308.96143
19448,382.49353
19449,487.1207
19450,759.323
19451,744.596
19452,853.612
19453,726.4618
19454,805.90796
19455,760.0325
19456,729.72943
19457,707.605
19458,737.4925
19459,779.8233
19460,698.9248
19461,646.43396
19462,613.769
19463,585.27435
19464,440.98553
19465,334.93713
19466,280.796
19467,222.46472
19468,149.29163
19469,125.724236
19470,152.62828
19471,175.9655
19472,224.76758
19473,339.06372
19474,563.58344
19475,573.02234
19476,646.7057
19477,528.28235
19478,615.93176
19479,604.7356
19480,570.6307
19481,577.6204
19482,604.8174
19483,623.488
19484,582.19476
19485,513.3011
19486,491.42905
19487,473.3244
19488,285.8028
19489,208.36658
19490,175.40575
19491,127.55246
19492,87.26628
19493,71.189835
19494,80.08622
19495,91.64096
19496,120.12644
19497,174.74138
19498,294.3026
19499,311.81564
19500,355.6554
19501,262.2582
19502,298.64062
19503,293.0982
19504,267.77805
19505,299.71985
19506,304.15997
19507,349.51822
19508,317.58682
19509,276.45044
19510,279.82843
19511,275.92188
19512,308.52127
19513,211.50052
19514,190.03737
19515,149.7371
19516,113.88638
19517,95.6597
19518,109.938156
19519,129.80907
19520,165.73456
19521,226.27707
19522,358.28473
19523,406.35266
19524,427.83752
19525,349.35278
19526,387.38052
19527,367.32584
19528,363.36728
19529,372.75665
19530,428.6929
19531,489.4337
19532,445.8502
19533,411.37872
19534,395.89572
19535,387.98807
19536,336.75473
19537,232.43936
19538,179.18893
19539,166.34532
19540,114.41075
19541,116.07107
19542,157.88802
19543,162.34247
19544,196.17044
19545,322.94196
19546,598.90594
19547,628.41174
19548,718.48114
19549,606.185
19550,724.9852
19551,652.8046
19552,630.9728
19553,621.0578
19554,639.87006
19555,674.7008
19556,640.8368
19557,529.6439
19558,512.15906
19559,516.4253
19560,484.909
19561,356.68134
19562,280.91977
19563,263.23566
19564,178.52121
19565,157.37842
19566,204.04996
19567,218.5294
19568,258.25143
19569,377.26086
19570,631.7224
19571,656.813
19572,745.87524
19573,666.45044
19574,785.2025
19575,685.69214
19576,694.1108
19577,666.95734
19578,695.4269
19579,727.9754
19580,685.62305
19581,598.13495
19582,580.84595
19583,576.7633
19584,559.89545
19585,421.30176
19586,337.6911
19587,297.6565
19588,203.47116
19589,171.73706
19590,227.7984
19591,256.4122
19592,304.4057
19593,417.77707
19594,668.2166
19595,699.9335
19596,787.32764
19597,685.29803
19598,775.2808
19599,692.5325
19600,674.7524
19601,699.443
19602,739.38904
19603,769.7313
19604,723.66406
19605,614.4524
19606,590.9354
19607,593.3639
19608,474.1067
19609,358.80646
19610,295.45374
19611,254.42448
19612,173.12299
19613,150.37001
19614,195.64972
19615,224.48517
19616,260.70398
19617,359.6419
19618,561.14825
19619,603.5548
19620,680.041
19621,588.30334
19622,663.8933
19623,617.1205
19624,611.4584
19625,631.8443
19626,683.35693
19627,703.4332
19628,653.3888
19629,566.6121
19630,565.3698
19631,546.7422
19632,478.34906
19633,350.62677
19634,270.84674
19635,237.57011
19636,155.75381
19637,132.88469
19638,171.60072
19639,194.18712
19640,222.62761
19641,339.68454
19642,525.30634
19643,584.9256
19644,631.8428
19645,543.8367
19646,621.93195
19647,571.7059
19648,582.38477
19649,584.32886
19650,638.7852
19651,670.2617
19652,612.05707
19653,539.4158
19654,538.0585
19655,520.2317
19656,407.83353
19657,325.3337
19658,287.89114
19659,227.01282
19660,168.81229
19661,134.90308
19662,158.68704
19663,184.28262
19664,213.78377
19665,277.06802
19666,348.49713
19667,384.2861
19668,402.1963
19669,343.53558
19670,374.99164
19671,347.65573
19672,344.6994
19673,363.2672
19674,388.0558
19675,431.68427
19676,402.71976
19677,358.9961
19678,373.1247
19679,349.88025
19680,387.9927
19681,282.47644
19682,260.27243
19683,214.79526
19684,170.73822
19685,139.50102
19686,165.3851
19687,200.88577
19688,236.50533
19689,295.33685
19690,408.9824
19691,488.64624
19692,497.017
19693,420.1258
19694,469.63766
19695,434.65656
19696,415.95212
19697,446.66553
19698,518.55646
19699,561.792
19700,526.57196
19701,470.09344
19702,463.61368
19703,449.4496
19704,461.04907
19705,327.85788
19706,266.7428
19707,253.08727
19708,170.56738
19709,166.35075
19710,227.80801
19711,244.25287
19712,285.2346
19713,432.1004
19714,702.6725
19715,789.4604
19716,906.9737
19717,746.94336
19718,906.1644
19719,820.46564
19720,714.55817
19721,799.9581
19722,831.86743
19723,892.72424
19724,851.7769
19725,678.0694
19726,670.7939
19727,680.83777
19728,515.3896
19729,385.62665
19730,323.48242
19731,302.61276
19732,210.86603
19733,177.3749
19734,224.48753
19735,261.1676
19736,296.77942
19737,383.08316
19738,625.5392
19739,696.9345
19740,792.6465
19741,640.692
19742,785.52686
19743,706.1512
19744,629.6089
19745,729.8451
19746,763.0846
19747,815.89734
19748,765.0046
19749,632.7983
19750,617.46454
19751,625.12854
19752,624.58325
19753,480.82288
19754,423.81647
19755,379.86548
19756,274.29498
19757,220.97462
19758,272.55276
19759,341.07257
19760,388.63074
19761,454.87564
19762,720.91595
19763,763.88184
19764,834.6625
19765,703.5619
19766,812.29675
19767,728.838
19768,658.8078
19769,751.5403
19770,803.8974
19771,836.7287
19772,784.71155
19773,670.4823
19774,636.18274
19775,656.1261
19776,534.3636
19777,418.63962
19778,369.7664
19779,332.4742
19780,248.91707
19781,202.65244
19782,248.30089
19783,306.637
19784,347.44366
19785,403.80505
19786,614.85516
19787,651.8028
19788,691.881
19789,577.4342
19790,670.32666
19791,603.3744
19792,576.32043
19793,625.99945
19794,696.3507
19795,723.41455
19796,669.29895
19797,583.50104
19798,573.98004
19799,571.07104
19800,581.5205
19801,446.29425
19802,366.81177
19803,320.03778
19804,229.48187
19805,185.08969
19806,222.3221
19807,273.843
19808,317.18634
19809,415.21793
19810,623.3519
19811,641.88245
19812,638.8246
19813,592.21826
19814,671.0342
19815,594.20166
19816,603.7898
19817,604.7333
19818,668.1997
19819,692.19196
19820,641.1732
19821,612.6385
19822,583.3555
19823,575.6145
19824,459.32608
19825,377.63818
19826,341.36957
19827,267.38486
19828,212.59961
19829,170.19492
19830,185.27371
19831,229.9654
19832,272.0216
19833,321.5098
19834,417.39066
19835,428.39755
19836,410.13666
19837,391.36304
19838,417.50598
19839,380.45636
19840,376.98517
19841,374.21344
19842,407.3708
19843,452.27432
19844,418.6106
19845,392.55795
19846,390.03693
19847,375.4026
19848,416.76886
19849,312.4057
19850,288.93805
19851,232.17981
19852,196.40036
19853,163.49968
19854,178.69934
19855,226.71317
19856,273.67163
19857,312.558
19858,432.82526
19859,488.71207
19860,466.30658
19861,453.10852
19862,482.44925
19863,452.07617
19864,430.74344
19865,425.42972
19866,493.52304
19867,532.13324
19868,506.14935
19869,477.99423
19870,450.16046
19871,454.76913
19872,140.86879
19873,109.09126
19874,87.104385
19875,78.855515
19876,64.06752
19877,65.385994
19878,68.778175
19879,73.72328
19880,90.36989
19881,103.75244
19882,132.7058
19883,128.41986
19884,133.18195
19885,140.36726
19886,137.77887
19887,146.96466
19888,146.56593
19889,155.01923
19890,170.08115
19891,170.341
19892,177.8294
19893,178.4826
19894,175.5616
19895,175.76866
19896,282.636
19897,210.28784
19898,178.75043
19899,160.00627
19900,131.93092
19901,119.127045
19902,131.55804
19903,153.41397
19904,182.61707
19905,248.34369
19906,401.86688
19907,463.55585
19908,473.77786
19909,423.60544
19910,473.73804
19911,473.5592
19912,434.40778
19913,464.8442
19914,472.98163
19915,471.82632
19916,467.47052
19917,409.1584
19918,393.06552
19919,344.97412
19920,360.3089
19921,281.26642
19922,244.37546
19923,215.3964
19924,190.3352
19925,165.80978
19926,180.48228
19927,222.09859
19928,251.16429
19929,330.23996
19930,497.8786
19931,564.8885
19932,570.9112
19933,531.71826
19934,570.7577
19935,598.5399
19936,543.014
19937,569.0503
19938,583.0007
19939,566.9305
19940,577.6055
19941,519.04425
19942,481.40564
19943,428.46838
19944,284.63943
19945,253.15524
19946,224.89767
19947,208.35419
19948,157.09033
19949,138.06332
19950,149.85489
19951,167.14737
19952,192.93542
19953,222.44875
19954,257.71906
19955,274.34775
19956,282.8522
19957,272.12045
19958,268.26282
19959,287.10303
19960,284.0833
19961,300.346
19962,320.27115
19963,349.1704
19964,354.08606
19965,316.17352
19966,306.95062
19967,286.8645
19968,271.75198
19969,224.84102
19970,189.44717
19971,158.4679
19972,140.4276
19973,133.673
19974,150.87227
19975,173.71423
19976,200.64697
19977,281.9715
19978,378.65698
19979,458.97394
19980,462.25626
19981,405.37585
19982,459.1231
19983,454.8524
19984,454.25522
19985,454.30777
19986,488.43216
19987,493.80515
19988,496.80334
19989,438.03055
19990,436.96396
19991,375.61066
19992,463.2049
19993,414.54706
19994,359.6586
19995,282.58057
19996,269.26382
19997,246.154
19998,263.1941
19999,327.1946
20000,354.52673
20001,443.28238
20002,518.6392
20003,593.7216
20004,606.82025
20005,591.8818
20006,621.31354
20007,619.3578
20008,643.11633
20009,612.85974
20010,663.264
20011,637.8408
20012,648.4945
20013,588.5892
20014,561.1035
20015,491.68692
20016,264.84247
20017,232.88147
20018,190.20215
20019,156.76463
20020,134.99014
20021,119.95762
20022,131.09987
20023,147.40742
20024,159.58441
20025,198.19302
20026,242.79225
20027,271.22394
20028,285.85916
20029,232.1857
20030,245.93314
20031,245.0237
20032,247.4936
20033,266.28653
20034,288.7733
20035,330.75574
20036,316.27774
20037,273.86487
20038,264.98422
20039,249.01457
20040,386.90802
20041,333.61005
20042,303.978
20043,232.57877
20044,202.50314
20045,182.96202
20046,203.34094
20047,259.88254
20048,300.58405
20049,347.14984
20050,498.0756
20051,540.6642
20052,571.71625
20053,494.38495
20054,497.4494
20055,484.57104
20056,493.98117
20057,508.20203
20058,553.86224
20059,580.4111
20060,540.4057
20061,513.9926
20062,461.20972
20063,450.35562
20064,361.9843
20065,298.5522
20066,255.59909
20067,201.55005
20068,182.96167
20069,165.4266
20070,182.75494
20071,217.12866
20072,244.2434
20073,308.1223
20074,485.0559
20075,519.75494
20076,537.43677
20077,438.14465
20078,461.53406
20079,448.54773
20080,448.03162
20081,465.73627
20082,517.24603
20083,548.002
20084,503.77704
20085,451.534
20086,401.2699
20087,399.06372
20088,400.9263
20089,303.92944
20090,294.28305
20091,236.00528
20092,215.48114
20093,201.28326
20094,218.79712
20095,255.62442
20096,305.49826
20097,355.28467
20098,482.3006
20099,533.4224
20100,551.6342
20101,517.4769
20102,491.2957
20103,461.57993
20104,502.38004
20105,527.3509
20106,577.91437
20107,682.50214
20108,668.55304
20109,605.0997
20110,571.32587
20111,531.0955
20112,600.3436
20113,481.03934
20114,419.31088
20115,328.9363
20116,246.68102
20117,213.10683
20118,250.65173
20119,295.93503
20120,360.89688
20121,468.49518
20122,818.94916
20123,824.06506
20124,907.4245
20125,719.8905
20126,794.054
20127,731.95166
20128,655.00464
20129,707.57056
20130,739.22565
20131,824.92395
20132,746.97363
20133,636.8014
20134,585.481
20135,577.866
20136,551.73987
20137,438.17502
20138,366.02023
20139,290.0605
20140,227.46677
20141,191.43243
20142,210.7186
20143,251.76874
20144,307.39133
20145,395.0888
20146,597.305
20147,606.19135
20148,675.0589
20149,523.0158
20150,556.06793
20151,511.65814
20152,535.77893
20153,537.0623
20154,584.5943
20155,747.45776
20156,630.5893
20157,570.079
20158,550.11084
20159,507.83987
20160,428.38116
20161,333.7979
20162,298.96454
20163,221.21545
20164,182.53174
20165,150.0658
20166,149.79828
20167,182.1041
20168,224.55688
20169,254.76292
20170,353.55466
20171,359.01892
20172,402.4461
20173,323.27393
20174,331.30276
20175,313.65048
20176,339.1964
20177,335.19772
20178,349.3521
20179,467.89447
20180,401.58594
20181,378.1918
20182,378.11786
20183,346.3824
20184,373.12576
20185,268.12534
20186,242.21715
20187,187.11356
20188,163.74985
20189,143.92072
20190,144.91666
20191,176.03622
20192,221.32526
20193,257.26535
20194,386.5926
20195,418.6116
20196,450.26224
20197,366.02094
20198,379.70532
20199,375.72852
20200,394.05307
20201,402.999
20202,452.95633
20203,586.6749
20204,523.52454
20205,490.2229
20206,475.28757
20207,455.35846
20208,438.232
20209,346.68698
20210,281.0287
20211,244.7628
20212,187.99178
20213,179.7676
20214,215.56909
20215,228.17719
20216,283.94293
20217,396.10413
20218,601.33575
20219,638.9021
20220,743.62573
20221,572.6726
20222,616.10156
20223,591.35754
20224,600.84827
20225,623.54694
20226,618.3183
20227,764.22406
20228,677.1889
20229,571.0443
20230,570.17126
20231,555.37396
20232,572.4194
20233,431.3551
20234,346.10406
20235,310.43997
20236,249.68642
20237,221.75545
20238,246.99171
20239,278.68372
20240,329.88098
20241,420.60678
20242,698.48975
20243,742.39215
20244,824.0713
20245,665.551
20246,702.1714
20247,661.4929
20248,691.28296
20249,702.0973
20250,705.7362
20251,890.2406
20252,762.8726
20253,648.26044
20254,638.40186
20255,618.92786
20256,604.23956
20257,476.9051
20258,400.46582
20259,355.0834
20260,290.20053
20261,249.89091
20262,277.63785
20263,327.6132
20264,379.42114
20265,429.8552
20266,656.7732
20267,694.0906
20268,725.22485
20269,602.31305
20270,615.18616
20271,569.5493
20272,599.4829
20273,606.06165
20274,628.911
20275,764.4032
20276,651.32263
20277,583.85675
20278,566.6227
20279,557.68744
20280,631.08765
20281,476.71597
20282,401.4253
20283,361.01614
20284,286.74292
20285,252.4423
20286,287.59113
20287,326.95477
20288,381.2898
20289,453.8616
20290,682.23816
20291,732.897
20292,755.7999
20293,649.9002
20294,659.29913
20295,633.61145
20296,693.7095
20297,671.8364
20298,732.36487
20299,846.3385
20300,721.9346
20301,682.42163
20302,653.06
20303,635.4224
20304,580.3246
20305,425.60504
20306,339.35135
20307,301.39594
20308,228.47626
20309,198.35522
20310,218.14275
20311,248.58147
20312,292.46332
20313,387.6449
20314,588.2997
20315,632.48676
20316,651.0798
20317,566.2355
20318,569.81244
20319,569.7531
20320,635.77057
20321,634.1885
20322,668.07367
20323,763.42285
20324,663.3156
20325,632.375
20326,579.8834
20327,578.28217
20328,380.21542
20329,295.47806
20330,264.61172
20331,209.94789
20332,170.2363
20333,143.93909
20334,146.41396
20335,170.50955
20336,202.18385
20337,243.81143
20338,309.59732
20339,334.95236
20340,347.19003
20341,306.84433
20342,299.31534
20343,304.0193
20344,334.29572
20345,345.7299
20346,358.03366
20347,431.57947
20348,387.45184
20349,365.1211
20350,351.71796
20351,338.4005
20352,362.9493
20353,263.4734
20354,238.72826
20355,191.62265
20356,167.55492
20357,149.5713
20358,151.80112
20359,180.85634
20360,218.4172
20361,260.06808
20362,339.4601
20363,406.49857
20364,401.61954
20365,359.03403
20366,346.5824
20367,352.16663
20368,386.37103
20369,397.8116
20370,450.05313
20371,527.1292
20372,480.2548
20373,459.28308
20374,436.74933
20375,423.64816
20376,424.68878
20377,303.64413
20378,241.21523
20379,220.39978
20380,170.87411
20381,168.3496
20382,201.9175
20383,212.05602
20384,252.0548
20385,357.35364
20386,549.27185
20387,634.3769
20388,678.2067
20389,557.1014
20390,594.4912
20391,578.6831
20392,576.34357
20393,608.435
20394,620.3229
20395,709.8169
20396,654.59125
20397,547.16
20398,524.9611
20399,518.0434
20400,451.40347
20401,338.29095
20402,278.00983
20403,251.71426
20404,193.15851
20405,170.67885
20406,194.11185
20407,219.28113
20408,253.63828
20409,319.91104
20410,493.04788
20411,553.74713
20412,580.718
20413,487.94394
20414,520.4671
20415,508.83005
20416,495.27368
20417,544.99896
20418,554.81976
20419,640.60754
20420,578.64716
20421,494.8049
20422,465.09064
20423,469.66415
20424,559.3528
20425,424.19806
20426,360.9271
20427,313.47708
20428,239.23152
20429,204.50717
20430,230.00769
20431,278.0326
20432,324.6139
20433,379.25885
20434,568.8247
20435,623.67444
20436,644.4694
20437,557.96
20438,565.1692
20439,552.00665
20440,537.1888
20441,595.1404
20442,614.0123
20443,707.0011
20444,625.7866
20445,543.9993
20446,506.4803
20447,518.0392
20448,538.3948
20449,407.6926
20450,345.14938
20451,304.94995
20452,233.57225
20453,200.27339
20454,224.83908
20455,265.42432
20456,310.36142
20457,367.7077
20458,554.85767
20459,609.82275
20460,618.2852
20461,538.41815
20462,538.405
20463,535.4737
20464,552.8989
20465,594.9983
20466,623.8633
20467,695.7979
20468,618.1639
20469,556.55927
20470,524.82745
20471,533.71936
20472,554.819
20473,416.005
20474,343.17963
20475,298.77194
20476,228.39838
20477,195.30298
20478,208.0937
20479,243.49704
20480,286.057
20481,361.1275
20482,551.0569
20483,596.2207
20484,592.6091
20485,526.06854
20486,528.51105
20487,527.7756
20488,567.5233
20489,591.17346
20490,620.30896
20491,682.84247
20492,611.0292
20493,576.69
20494,521.0587
20495,530.6393
20496,482.94815
20497,381.12485
20498,340.53946
20499,269.1775
20500,219.84106
20501,183.88477
20502,185.79333
20503,217.582
20504,264.18536
20505,319.12653
20506,422.57532
20507,458.20734
20508,453.22568
20509,412.38495
20510,404.9027
20511,405.86484
20512,433.97073
20513,455.0887
20514,476.80505
20515,550.29614
20516,497.9928
20517,463.93414
20518,433.4349
20519,426.93503
20520,422.81592
20521,308.4916
20522,274.41025
20523,218.59537
20524,189.56546
20525,168.50284
20526,172.15262
20527,204.77359
20528,255.19124
20529,307.4481
20530,427.8776
20531,497.60342
20532,470.5888
20533,453.13495
20534,435.69107
20535,435.57822
20536,468.3215
20537,477.69397
20538,531.7475
20539,606.22955
20540,558.18475
20541,546.0304
20542,493.2312
20543,500.75525
20544,423.89264
20545,329.4302
20546,259.33066
20547,224.79956
20548,181.45236
20549,177.67557
20550,209.41354
20551,239.95015
20552,293.78488
20553,405.17688
20554,623.20544
20555,760.0248
20556,792.8456
20557,651.6135
20558,708.2334
20559,685.7082
20560,662.4748
20561,700.33435
20562,710.42926
20563,814.1013
20564,754.4763
20565,643.02075
20566,595.8953
20567,588.7073
20568,493.59424
20569,393.68027
20570,319.63922
20571,275.2486
20572,223.20074
20573,195.30756
20574,218.81746
20575,268.81534
20576,319.4228
20577,388.4918
20578,578.92584
20579,682.5198
20580,696.9342
20581,621.6994
20582,653.0051
20583,638.9613
20584,625.26886
20585,652.56335
20586,658.60205
20587,758.6424
20588,691.7733
20589,614.396
20590,553.82654
20591,561.1295
20592,496.61655
20593,402.33493
20594,337.9606
20595,284.51007
20596,230.92035
20597,195.26544
20598,215.89536
20599,281.0022
20600,336.17368
20601,383.82837
20602,553.5385
20603,643.9037
20604,639.0956
20605,574.0255
20606,582.7537
20607,567.3856
20608,554.8569
20609,582.8367
20610,594.8386
20611,674.3867
20612,608.2886
20613,556.3397
20614,497.74753
20615,511.47043
20616,180.39603
20617,143.72955
20618,117.8531
20619,98.025696
20620,87.19177
20621,80.00789
20622,76.42402
20623,92.783905
20624,103.54835
20625,127.01953
20626,173.60255
20627,188.93903
20628,195.29315
20629,174.92198
20630,187.62274
20631,192.1646
20632,175.95125
20633,192.36642
20634,195.66696
20635,205.10246
20636,197.76852
20637,186.45282
20638,183.80148
20639,181.13283
20640,201.68095
20641,157.00502
20642,127.93467
20643,112.244576
20644,92.16991
20645,90.35054
20646,90.48616
20647,96.31214
20648,110.03051
20649,138.73688
20650,194.46094
20651,203.101
20652,200.58133
20653,175.979
20654,189.50757
20655,192.06561
20656,181.29382
20657,194.95367
20658,196.58495
20659,205.38559
20660,206.45683
20661,190.85156
20662,192.20596
20663,188.42276
20664,181.49335
20665,135.07544
20666,111.07574
20667,100.41768
20668,79.84697
20669,74.043045
20670,80.05603
20671,91.25638
20672,104.54347
20673,140.3608
20674,216.86401
20675,225.57828
20676,217.7335
20677,190.57594
20678,222.32689
20679,232.75781
20680,208.9414
20681,223.06833
20682,229.0033
20683,239.00836
20684,242.80702
20685,220.86775
20686,221.84033
20687,215.72375
20688,160.4564
20689,126.52682
20690,105.178185
20691,85.72406
20692,75.15839
20693,67.430046
20694,64.53322
20695,80.41309
20696,88.050316
20697,127.21227
20698,187.19421
20699,203.26057
20700,197.65549
20701,171.55399
20702,193.16647
20703,205.87746
20704,183.20024
20705,202.32826
20706,196.34756
20707,222.92114
20708,214.68765
20709,196.70888
20710,202.21292
20711,201.21161
20712,161.30806
20713,130.6959
20714,112.06512
20715,90.1946
20716,75.016525
20717,69.038956
20718,65.48036
20719,80.16293
20720,89.04649
20721,117.03563
20722,162.91696
20723,179.81906
20724,171.81023
20725,154.26126
20726,166.91452
20727,172.8594
20728,158.07587
20729,164.52658
20730,162.18887
20731,184.02058
20732,175.74776
20733,158.97057
20734,165.7721
20735,162.02718
20736,150.8887
20737,122.338585
20738,107.7052
20739,86.85016
20740,73.2884
20741,67.40251
20742,64.51103
20743,81.2531
20744,91.22374
20745,124.102036
20746,163.26062
20747,185.45999
20748,180.36108
20749,155.21642
20750,175.99074
20751,187.16559
20752,172.42249
20753,184.13708
20754,188.54184
20755,198.70935
20756,199.23465
20757,179.1885
20758,186.63445
20759,187.94473
20760,171.16104
20761,136.65727
20762,122.94566
20763,100.09578
20764,85.72013
20765,81.05049
20766,82.696205
20767,99.060585
20768,106.2534
20769,143.95029
20770,194.90958
20771,215.09058
20772,212.82666
20773,189.1832
20774,213.35088
20775,226.00046
20776,206.24634
20777,226.01474
20778,232.50394
20779,241.00223
20780,239.39104
20781,221.96234
20782,218.68594
20783,217.77283
20784,174.3254
20785,131.63695
20786,110.4079
20787,92.63278
20788,72.16942
20789,61.55072
20790,71.78077
20791,82.4914
20792,93.134575
20793,126.90568
20794,190.47905
20795,202.6537
20796,205.31888
20797,166.85464
20798,196.22894
20799,192.53772
20800,175.27457
20801,186.69708
20802,196.20853
20803,224.32695
20804,206.52806
20805,190.34158
20806,197.2674
20807,183.65253
20808,160.54366
20809,128.76555
20810,115.183
20811,93.45499
20812,81.81291
20813,72.56309
20814,72.60934
20815,91.74863
20816,98.38426
20817,119.69892
20818,160.1625
20819,166.24138
20820,159.62753
20821,144.37807
20822,156.17708
20823,155.45564
20824,143.87587
20825,150.40604
20826,160.1174
20827,176.56665
20828,161.48802
20829,164.35571
20830,161.8432
20831,165.2751
20832,162.64043
20833,134.7703
20834,121.013824
20835,99.24578
20836,88.212204
20837,81.25776
20838,83.7193
20839,96.18921
20840,106.7975
20841,133.28038
20842,187.07202
20843,200.352
20844,193.84222
20845,172.7168
20846,194.84653
20847,188.38971
20848,173.62704
20849,184.0325
20850,195.03696
20851,221.72348
20852,203.88243
20853,204.45299
20854,199.79744
20855,195.78113
20856,132.54523
20857,100.20218
20858,89.749664
20859,73.88962
20860,68.43163
20861,62.531296
20862,61.68547
20863,72.95761
20864,83.16048
20865,100.201355
20866,136.27126
20867,148.93129
20868,140.25743
20869,127.06154
20870,140.52522
20871,134.95047
20872,127.72286
20873,125.28443
20874,124.313446
20875,136.93599
20876,136.74512
20877,130.55682
20878,134.35117
20879,124.427155
20880,106.258156
20881,90.06832
20882,73.12514
20883,65.25526
20884,51.082695
20885,44.854553
20886,46.98072
20887,53.040714
20888,59.62959
20889,77.59513
20890,104.73913
20891,108.013275
20892,114.10084
20893,95.9017
20894,111.3701
20895,100.58199
20896,94.757965
20897,97.08655
20898,99.53847
20899,118.86493
20900,114.05897
20901,104.53894
20902,117.34052
20903,106.96041
20904,193.73485
20905,148.61513
20906,121.510475
20907,105.58994
20908,90.24049
20909,87.28867
20910,87.12073
20911,97.89621
20912,114.87627
20913,141.4227
20914,210.63512
20915,215.01814
20916,232.94827
20917,235.25832
20918,249.90575
20919,257.23346
20920,250.28517
20921,260.10257
20922,261.62805
20923,250.68774
20924,257.99704
20925,250.42468
20926,238.25388
20927,226.48145
20928,147.85548
20929,111.16887
20930,92.04422
20931,73.73672
20932,64.61899
20933,62.104107
20934,59.179054
20935,69.59928
20936,83.62983
20937,104.70101
20938,148.16862
20939,151.32257
20940,161.6046
20941,162.57333
20942,173.8215
20943,177.82507
20944,166.91829
20945,171.36418
20946,177.3248
20947,170.69653
20948,172.76451
20949,167.23662
20950,169.90398
20951,159.24097
20952,164.55098
20953,127.02497
20954,105.4254
20955,84.2426
20956,70.64137
20957,68.045784
20958,65.28907
20959,76.76705
20960,92.60318
20961,117.122284
20962,155.73692
20963,159.07059
20964,171.74918
20965,174.7916
20966,182.24796
20967,189.49268
20968,182.62488
20969,184.68958
20970,192.47073
20971,182.42596
20972,183.86511
20973,184.22742
20974,197.88504
20975,187.11229
20976,160.50531
20977,129.01738
20978,98.776146
20979,81.91754
20980,64.23954
20981,61.429802
20982,60.25991
20983,67.692566
20984,84.13252
20985,110.8363
20986,152.51315
20987,156.27281
20988,159.74683
20989,151.56587
20990,162.68999
20991,169.8818
20992,163.57797
20993,166.85472
20994,176.37236
20995,172.25024
20996,165.60677
20997,160.92133
20998,170.63121
20999,161.19441
21000,127.04737
21001,97.97801
21002,74.911804
21003,65.551125
21004,47.978294
21005,44.221355
21006,42.89896
21007,47.55944
21008,59.652752
21009,69.48088
21010,84.74239
21011,84.37476
21012,85.32962
21013,84.682144
21014,85.38785
21015,89.88426
21016,87.64331
21017,94.17896
21018,100.75798
21019,105.23395
21020,106.342834
21021,106.44802
21022,119.12327
21023,116.12411
21024,124.6363
21025,88.849976
21026,67.430046
21027,59.335133
21028,44.74347
21029,43.056057
21030,43.964214
21031,46.17775
21032,58.13221
21033,70.64991
21034,83.795364
21035,85.18345
21036,86.212494
21037,86.77496
21038,86.42825
21039,89.628716
21040,88.08497
21041,93.49652
21042,109.52104
21043,114.47967
21044,118.93376
21045,123.06002
21046,135.91838
21047,135.36345
21048,187.03455
21049,137.18227
21050,104.97783
21051,88.708015
21052,71.428505
21053,75.22513
21054,79.74356
21055,86.35774
21056,107.57859
21057,162.89758
21058,248.08629
21059,275.8296
21060,286.5162
21061,246.32355
21062,280.764
21063,282.2835
21064,261.194
21065,277.33334
21066,295.55243
21067,293.90637
21068,296.56464
21069,277.73737
21070,301.29773
21071,280.50858
21072,249.60228
21073,190.42007
21074,150.93073
21075,127.35321
21076,99.92796
21077,88.21454
21078,91.742035
21079,102.380196
21080,123.00543
21081,160.35104
21082,250.57362
21083,281.28055
21084,289.0282
21085,249.46442
21086,291.0187
21087,291.78934
21088,266.63864
21089,286.32144
21090,301.56714
21091,301.84338
21092,300.71826
21093,277.9223
21094,293.8081
21095,275.2689
21096,214.25458
21097,161.97595
21098,131.52852
21099,101.719
21100,83.955505
21101,74.02655
21102,76.35206
21103,90.79607
21104,113.17479
21105,150.89377
21106,227.38965
21107,252.62946
21108,260.0763
21109,225.23357
21110,266.0744
21111,264.65466
21112,242.78017
21113,253.50305
21114,267.0264
21115,270.65405
21116,268.2307
21117,247.43413
21118,267.95215
21119,242.89655
21120,230.13904
21121,182.48203
21122,149.19604
21123,121.63204
21124,98.08818
21125,87.646904
21126,92.57953
21127,107.400116
21128,133.15674
21129,160.46642
21130,214.27994
21131,230.75883
21132,240.87866
21133,222.16827
21134,243.54916
21135,246.61478
21136,244.48172
21137,251.121
21138,259.05734
21139,254.80684
21140,255.75392
21141,253.37737
21142,275.23148
21143,256.90796
21144,247.43092
21145,200.43613
21146,150.07162
21147,123.414696
21148,96.36148
21149,85.722824
21150,89.66896
21151,102.0874
21152,128.2221
21153,167.07666
21154,243.3397
21155,256.78943
21156,264.2079
21157,235.35207
21158,251.70004
21159,258.5301
21160,253.3058
21161,266.427
21162,281.9958
21163,276.11288
21164,272.1952
21165,263.59045
21166,274.94473
21167,265.57388
21168,164.55081
21169,131.62
21170,100.922356
21171,84.78476
21172,64.60456
21173,56.719078
21174,55.448677
21175,59.60846
21176,74.18373
21177,86.884186
21178,103.87819
21179,105.710724
21180,108.07328
21181,106.812614
21182,102.80709
21183,106.92979
21184,105.90069
21185,111.44783
21186,118.960075
21187,123.30523
21188,127.13398
21189,126.56069
21190,138.6602
21191,136.42064
21192,139.5297
21193,105.412254
21194,81.218
21195,68.88733
21196,56.06219
21197,50.864754
21198,50.682617
21199,51.829117
21200,64.91905
21201,79.4877
21202,96.37397
21203,102.47139
21204,105.54802
21205,99.083725
21206,97.2897
21207,102.69113
21208,100.01839
21209,107.579575
21210,121.40706
21211,126.64241
21212,130.24548
21213,132.35146
21214,144.13654
21215,145.65633
21216,184.39946
21217,141.96478
21218,117.97581
21219,101.61081
21220,83.80361
21221,86.77194
21222,90.62398
21223,96.219894
21224,119.9545
21225,175.55983
21226,263.64548
21227,296.47244
21228,309.1471
21229,258.79074
21230,287.59885
21231,287.91486
21232,268.26718
21233,280.90875
21234,300.03033
21235,293.67133
21236,295.24136
21237,283.50534
21238,304.81635
21239,288.4394
21240,220.44952
21241,176.84409
21242,148.19487
21243,129.27704
21244,105.13288
21245,94.55609
21246,94.18396
21247,101.61272
21248,123.01868
21249,160.86057
21250,248.0376
21251,273.7857
21252,281.24258
21253,236.03772
21254,264.61728
21255,268.27307
21256,249.76509
21257,265.21045
21258,279.41803
21259,273.6411
21260,275.28403
21261,258.32376
21262,267.50122
21263,255.14409
21264,212.82646
21265,168.91118
21266,142.98442
21267,114.6901
21268,94.97775
21269,85.63669
21270,85.294846
21271,97.45979
21272,123.2753
21273,165.36139
21274,252.02042
21275,265.35278
21276,270.68878
21277,239.25948
21278,269.9826
21279,271.4859
21280,249.84198
21281,254.5457
21282,267.76535
21283,256.37906
21284,256.02438
21285,252.56984
21286,255.7085
21287,245.09656
21288,190.09521
21289,150.37485
21290,129.17395
21291,109.43486
21292,89.284
21293,82.73836
21294,83.284775
21295,92.29581
21296,116.061966
21297,148.19409
21298,209.11386
21299,228.65907
21300,234.98978
21301,204.8414
21302,227.15813
21303,231.00441
21304,220.94574
21305,226.63283
21306,233.58981
21307,227.30156
21308,227.84042
21309,224.60368
21310,238.06377
21311,227.18044
21312,204.62009
21313,161.32927
21314,126.42555
21315,108.23473
21316,88.77905
21317,81.82993
21318,82.68264
21319,89.09129
21320,112.3922
21321,155.6672
21322,239.95784
21323,271.59534
21324,268.9658
21325,225.0481
21326,250.76971
21327,257.10983
21328,236.50839
21329,252.65884
21330,267.09067
21331,257.64716
21332,252.84555
21333,244.01839
21334,242.20706
21335,243.20796
21336,168.38892
21337,135.23509
21338,105.89004
21339,93.31915
21340,76.89364
21341,69.05084
21342,65.85934
21343,67.82282
21344,83.559074
21345,103.58455
21346,134.2413
21347,145.5347
21348,143.70734
21349,131.77959
21350,131.38553
21351,136.64368
21352,129.55838
21353,139.16022
21354,147.58162
21355,151.11949
21356,153.89154
21357,151.4232
21358,158.44783
21359,160.18301
21360,181.09914
21361,141.82538
21362,115.145386
21363,93.50639
21364,79.31564
21365,71.71999
21366,69.73468
21367,84.79597
21368,95.14206
21369,118.73668
21370,168.41074
21371,183.45593
21372,184.09294
21373,158.61002
21374,173.02771
21375,175.56825
21376,163.91043
21377,176.70303
21378,178.41689
21379,190.90207
21380,177.70036
21381,166.49629
21382,164.07172
21383,162.6526
21384,108.14924
21385,83.543106
21386,67.882805
21387,57.645245
21388,45.657906
21389,46.130295
21390,44.932953
21391,51.049213
21392,57.834194
21393,81.35109
21394,119.36259
21395,135.44144
21396,136.40636
21397,112.35593
21398,125.754814
21399,125.21731
21400,117.23222
21401,123.86889
21402,128.70474
21403,142.71484
21404,136.45976
21405,123.54908
21406,126.83056
21407,122.42966
21408,185.29788
21409,139.1264
21410,114.054306
21411,95.99213
21412,73.139984
21413,64.21777
21414,69.824554
21415,90.375725
21416,101.59021
21417,149.63931
21418,231.43304
21419,278.25473
21420,274.36102
21421,221.09819
21422,277.4965
21423,286.79767
21424,255.22899
21425,264.7185
21426,278.00717
21427,290.58417
21428,283.2229
21429,262.00903
21430,263.3617
21431,256.92715
21432,210.33228
21433,167.00351
21434,142.61963
21435,112.55729
21436,94.87877
21437,81.66733
21438,82.63564
21439,105.736015
21440,113.94568
21441,169.05327
21442,245.45355
21443,278.65598
21444,279.37646
21445,243.56934
21446,277.55774
21447,297.47086
21448,270.3647
21449,289.73242
21450,286.57803
21451,313.5539
21452,304.4124
21453,282.6805
21454,290.39236
21455,291.22208
21456,223.99026
21457,181.00461
21458,161.40723
21459,135.40826
21460,96.63713
21461,85.34123
21462,89.44002
21463,107.670944
21464,123.90879
21465,170.44138
21466,228.84258
21467,261.0965
21468,259.40738
21469,221.45462
21470,248.21805
21471,256.8921
21472,236.42912
21473,256.88495
21474,256.0885
21475,291.7807
21476,283.37543
21477,250.46605
21478,261.25037
21479,252.37827
21480,267.62222
21481,224.55916
21482,206.25414
21483,163.72621
21484,130.4748
21485,106.41667
21486,105.32091
21487,135.9204
21488,147.84001
21489,191.435
21490,234.15663
21491,272.05807
21492,264.67847
21493,233.92967
21494,261.47983
21495,279.5285
21496,260.44144
21497,271.1291
21498,268.48978
21499,276.2863
21500,276.07166
21501,260.75827
21502,269.5333
21503,279.34238
21504,215.65182
21505,174.60979
21506,163.51324
21507,133.2252
21508,112.46489
21509,100.29898
21510,105.86812
21511,128.37514
21512,134.45041
21513,178.21133
21514,228.73552
21515,260.21625
21516,264.00674
21517,235.61232
21518,270.33078
21519,284.239
21520,265.1429
21521,273.5468
21522,288.57147
21523,295.19122
21524,294.99115
21525,279.30188
21526,281.529
21527,280.92017
21528,171.40857
21529,121.90291
21530,103.60889
21531,86.32027
21532,65.43622
21533,53.907375
21534,65.85331
21535,74.941025
21536,85.32814
21537,116.22513
21538,171.06749
21539,186.69745
21540,187.7091
21541,154.3262
21542,183.60843
21543,173.85426
21544,162.51968
21545,162.39816
21546,175.93951
21547,198.89124
21548,186.5018
21549,179.63972
21550,186.09644
21551,174.52765
21552,197.7909
21553,155.89104
21554,143.29811
21555,113.84487
21556,97.48712
21557,85.880684
21558,90.472855
21559,114.10391
21560,122.669556
21561,150.46915
21562,208.11475
21563,219.5665
21564,213.27924
21565,184.106
21566,205.12025
21567,200.75633
21568,183.44177
21569,197.73119
21570,210.65198
21571,231.00374
21572,215.24147
21573,219.3139
21574,212.37943
21575,221.04788
21576,322.5614
21577,262.57437
21578,238.26369
21579,194.33302
21580,164.5119
21581,141.78377
21582,158.93234
21583,183.14844
21584,206.81485
21585,263.0107
21586,364.69327
21587,383.83734
21588,379.71567
21589,342.4422
21590,389.57178
21591,371.59683
21592,353.8853
21593,374.1288
21594,384.55057
21595,418.48056
21596,392.4491
21597,398.41528
21598,391.51947
21599,383.52844
21600,265.64468
21601,205.07219
21602,170.8874
21603,153.15692
21604,115.91698
21605,105.81488
21606,126.70944
21607,140.07642
21608,160.57516
21609,234.57458
21610,340.23633
21611,357.08716
21612,349.2968
21613,303.15817
21614,339.96487
21615,336.97464
21616,316.994
21617,317.05176
21618,320.3058
21619,336.27576
21620,332.05597
21621,324.0289
21622,313.93222
21623,314.36005
21624,273.01086
21625,231.31305
21626,191.36777
21627,160.03752
21628,120.74498
21629,97.626366
21630,111.65118
21631,132.53746
21632,153.57043
21633,206.33221
21634,277.22333
21635,283.18347
21636,288.18018
21637,242.05553
21638,281.31702
21639,252.15448
21640,231.99332
21641,240.86472
21642,248.94221
21643,290.40558
21644,281.46677
21645,266.88647
21646,294.9529
21647,271.85437
21648,254.66649
21649,211.86978
21650,168.05551
21651,154.50377
21652,124.699875
21653,106.99759
21654,115.07961
21655,133.20305
21656,153.98972
21657,196.93253
21658,293.94812
21659,319.52963
21660,319.97714
21661,295.81317
21662,323.82483
21663,323.73175
21664,315.88266
21665,313.8336
21666,307.0101
21667,303.43314
21668,292.14236
21669,284.72308
21670,278.6045
21671,247.95222
21672,178.65317
21673,138.40764
21674,109.13936
21675,107.99378
21676,80.83644
21677,66.82458
21678,69.57518
21679,77.11067
21680,90.813446
21681,103.607834
21682,128.26537
21683,138.43216
21684,138.38225
21685,130.47084
21686,134.17844
21687,137.15321
21688,136.80392
21689,145.37729
21690,148.20732
21691,158.29219
21692,161.89252
21693,156.94461
21694,167.681
21695,156.7796
21696,174.40475
21697,131.09836
21698,102.903854
21699,99.78456
21700,75.50544
21701,63.15271
21702,67.51036
21703,73.64938
21704,88.32062
21705,107.84955
21706,133.36153
21707,142.05786
21708,139.93118
21709,133.75851
21710,133.55965
21711,136.16505
21712,134.7299
21713,137.74097
21714,154.88232
21715,164.73643
21716,170.36127
21717,175.16626
21718,185.7067
21719,182.79411
21720,197.9468
21721,152.0467
21722,125.19594
21723,116.274666
21724,89.83296
21725,84.31596
21726,96.44211
21727,107.74061
21728,131.45372
21729,196.42079
21730,292.44333
21731,346.23087
21732,350.75623
21733,292.04285
21734,347.65887
21735,330.59808
21736,309.75775
21737,302.0046
21738,315.88147
21739,319.32108
21740,310.59998
21741,288.27533
21742,312.67856
21743,272.2434
21744,256.10947
21745,200.79079
21746,166.1564
21747,158.79788
21748,115.6913
21749,93.15581
21750,99.83787
21751,115.61681
21752,136.96829
21753,179.56473
21754,273.92465
21755,328.7663
21756,329.67642
21757,271.7541
21758,336.54993
21759,319.08197
21760,290.94965
21761,295.50577
21762,304.26898
21763,312.56833
21764,302.38757
21765,274.2636
21766,296.97955
21767,256.6357
21768,249.51135
21769,198.54762
21770,165.524
21771,145.95082
21772,108.17714
21773,87.53994
21774,95.8647
21775,114.794846
21776,141.43858
21777,189.65308
21778,277.9875
21779,316.03094
21780,307.2743
21781,264.26923
21782,321.62994
21783,303.0442
21784,272.7558
21785,268.64273
21786,274.49
21787,282.5239
21788,272.53308
21789,246.50157
21790,267.4861
21791,229.74138
21792,204.78094
21793,162.41158
21794,137.20335
21795,125.997536
21796,91.61455
21797,76.55826
21798,86.030365
21799,100.61848
21800,122.619385
21801,160.46866
21802,218.02104
21803,255.24524
21804,257.96393
21805,217.3851
21806,260.6986
21807,251.32727
21808,231.67422
21809,228.98169
21810,234.22942
21811,246.18748
21812,236.23923
21813,220.90732
21814,245.5035
21815,216.03493
21816,209.50879
21817,161.12822
21818,121.88738
21819,113.25621
21820,77.94215
21821,65.74797
21822,77.92935
21823,87.04983
21824,106.79431
21825,153.23764
21826,234.92813
21827,279.024
21828,275.4688
21829,219.83896
21830,267.51465
21831,260.0514
21832,234.68794
21833,238.69717
21834,247.34802
21835,263.65015
21836,246.07848
21837,229.17401
21838,245.48987
21839,220.52502
21840,134.81471
21841,103.170944
21842,77.40808
21843,72.49675
21844,49.325043
21845,41.33222
21846,45.59986
21847,50.02941
21848,62.487537
21849,80.451035
21850,105.17505
21851,116.83796
21852,115.58813
21853,101.97789
21854,111.88724
21855,111.11294
21856,104.87828
21857,109.94477
21858,114.9615
21859,130.93324
21860,128.80101
21861,126.92898
21862,138.872
21863,129.8505
21864,146.16357
21865,104.85324
21866,79.33946
21867,74.63832
21868,54.84855
21869,46.195724
21870,51.96492
21871,56.212585
21872,70.33968
21873,92.15582
21874,117.28766
21875,134.94171
21876,131.08073
21877,119.43487
21878,128.36324
21879,128.50092
21880,125.17801
21881,129.20152
21882,145.31071
21883,158.89339
21884,162.02438
21885,167.32184
21886,178.43494
21887,172.59491
21888,204.98701
21889,154.78787
21890,125.03766
21891,113.96491
21892,86.33359
21893,80.17725
21894,93.62805
21895,108.66148
21896,133.57376
21897,197.8861
21898,302.07584
21899,364.33005
21900,355.2621
21901,290.34277
21902,356.18945
21903,341.2165
21904,311.14767
21905,308.63272
21906,320.4935
21907,343.6876
21908,333.74237
21909,314.70642
21910,344.58023
21911,300.18423
21912,247.34589
21913,196.051
21914,165.00787
21915,150.28963
21916,111.08701
21917,87.14388
21918,92.73758
21919,111.03139
21920,131.44571
21921,169.55545
21922,252.19783
21923,299.08072
21924,294.3146
21925,248.86404
21926,303.5686
21927,297.45535
21928,267.78778
21929,268.1415
21930,276.41498
21931,293.3381
21932,287.70648
21933,265.65344
21934,281.37155
21935,251.9537
21936,239.20552
21937,190.6326
21938,163.7193
21939,138.56413
21940,105.039604
21941,83.287025
21942,89.985504
21943,112.42059
21944,140.08638
21945,182.7198
21946,261.2444
21947,292.7188
21948,284.2533
21949,250.52637
21950,302.30557
21951,295.64804
21952,267.28366
21953,260.2819
21954,267.0053
21955,275.54224
21956,271.7477
21957,259.00177
21958,275.06622
21959,244.09995
21960,238.70105
21961,191.35529
21962,169.25148
21963,156.66245
21964,117.49117
21965,96.29237
21966,106.400024
21967,126.11162
21968,154.4919
21969,193.75269
21970,264.8024
21971,296.0343
21972,292.76126
21973,257.48685
21974,300.80774
21975,295.50845
21976,275.42767
21977,267.3283
21978,270.656
21979,280.75046
21980,275.06714
21981,265.7079
21982,285.89966
21983,258.04123
21984,253.24106
21985,199.02652
21986,157.3291
21987,146.15558
21988,105.97718
21989,87.42012
21990,99.39039
21991,112.940926
21992,139.40785
21993,196.63715
21994,299.54266
21995,331.8202
21996,317.41354
21997,266.31622
21998,311.8586
21999,313.16684
22000,284.1388
22001,280.89706
22002,292.3658
22003,302.3786
22004,292.97818
22005,282.35806
22006,289.874
22007,266.47763
22008,170.35637
22009,136.87996
22010,105.74126
22011,98.20269
22012,73.63828
22013,59.60661
22014,62.809185
22015,68.24698
22016,84.23009
22017,106.68278
22018,143.34705
22019,148.58153
22020,143.35075
22021,132.2476
22022,139.82646
22023,146.56776
22024,132.90314
22025,137.6216
22026,142.98222
22027,155.7891
22028,155.51735
22029,154.9969
22030,163.60765
22031,157.21371
22032,205.25957
22033,164.99379
22034,135.76569
22035,115.02433
22036,90.759476
22037,83.24668
22038,84.08999
22039,96.49849
22040,110.15637
22041,137.67409
22042,176.35097
22043,194.28067
22044,198.77193
22045,178.13998
22046,195.46188
22047,198.21269
22048,188.07552
22049,202.33118
22050,205.92767
22051,212.5037
22052,210.52051
22053,194.95685
22054,196.93196
22055,186.51718
22056,157.3362
22057,125.84424
22058,108.90962
22059,93.98799
22060,77.840614
22061,72.005165
22062,69.273026
22063,77.64859
22064,83.79609
22065,105.582375
22066,137.80283
22067,159.39952
22068,161.18854
22069,145.66759
22070,156.34813
22071,154.29836
22072,149.40712
22073,156.10582
22074,151.3637
22075,163.46579
22076,163.65514
22077,148.24738
22078,156.75719
22079,147.19131
22080,214.08856
22081,169.86543
22082,147.32451
22083,123.97117
22084,98.833725
22085,83.29257
22086,84.78255
22087,107.73714
22088,114.5034
22089,153.21964
22090,210.50558
22091,255.1022
22092,254.06677
22093,222.8208
22094,270.3388
22095,277.42786
22096,256.26544
22097,262.16696
22098,260.08337
22099,266.8746
22100,269.48596
22101,249.41045
22102,259.90082
22103,242.21796
22104,282.9784
22105,216.36853
22106,180.78595
22107,141.27194
22108,117.6862
22109,102.37517
22110,105.11208
22111,128.25514
22112,135.24028
22113,200.01155
22114,272.71118
22115,312.74512
22116,308.44278
22117,291.5338
22118,316.62363
22119,333.8578
22120,312.71506
22121,325.72125
22122,314.94284
22123,332.9427
22124,328.5464
22125,310.80328
22126,320.14127
22127,316.01144
22128,235.01678
22129,185.08028
22130,166.39265
22131,137.49316
22132,100.22423
22133,91.24895
22134,95.68431
22135,109.31459
22136,125.44621
22137,167.74294
22138,208.14914
22139,243.85347
22140,240.00829
22141,217.79317
22142,238.7804
22143,239.42107
22144,228.3556
22145,239.46452
22146,240.82216
22147,269.03503
22148,271.97397
22149,241.72441
22150,256.9638
22151,247.76593
22152,207.85605
22153,171.2135
22154,157.43439
22155,122.4946
22156,100.58088
22157,88.88622
22158,87.53369
22159,110.75464
22160,122.0295
22161,163.34389
22162,196.92479
22163,230.05418
22164,226.63075
22165,211.50072
22166,236.89603
22167,248.56564
22168,233.98715
22169,243.47757
22170,237.75914
22171,249.07025
22172,257.93628
22173,233.71893
22174,249.99118
22175,250.30626
22176,302.58206
22177,237.06851
22178,215.34224
22179,172.77496
22180,145.35516
22181,131.70522
22182,144.03415
22183,161.04837
22184,166.31189
22185,223.1673
22186,268.3107
22187,310.40613
22188,324.42172
22189,311.36908
22190,345.01736
22191,355.364
22192,345.93033
22193,345.51434
22194,354.5832
22195,350.25055
22196,368.47504
22197,348.8753
22198,361.73236
22199,348.2649
22200,191.92729
22201,149.84978
22202,135.31143
22203,108.964615
22204,85.41924
22205,80.11867
22206,91.53006
22207,110.61383
22208,125.52547
22209,163.25357
22210,205.09076
22211,228.6271
22212,232.43602
22213,209.33942
22214,221.74376
22215,224.36316
22216,221.35324
22217,223.23657
22218,233.42656
22219,244.42203
22220,230.61432
22221,234.0192
22222,234.01505
22223,230.14377
22224,160.18518
22225,129.14851
22226,120.17023
22227,95.75308
22228,84.70609
22229,76.52247
22230,79.0427
22231,94.87845
22232,98.0896
22233,120.25305
22234,154.6822
22235,171.63397
22236,168.66943
22237,155.42297
22238,177.00597
22239,174.49527
22240,160.80516
22241,163.08815
22242,178.4814
22243,193.2688
22244,179.99194
22245,180.11755
22246,180.88019
22247,183.12578
22248,301.81104
22249,249.37784
22250,226.14577
22251,178.20987
22252,156.62192
22253,131.12476
22254,142.11688
22255,165.08618
22256,187.30641
22257,231.604
22258,278.88956
22259,304.27686
22260,318.69208
22261,298.48535
22262,330.09644
22263,311.63477
22264,311.00912
22265,323.15533
22266,321.0675
22267,350.67035
22268,345.74393
22269,342.21204
22270,366.3769
22271,327.37024
22272,234.23065
22273,187.69777
22274,161.60095
22275,144.32574
22276,114.29557
22277,95.1748
22278,105.31827
22279,117.928444
22280,127.98934
22281,171.92686
22282,226.68993
22283,245.70705
22284,245.96152
22285,229.38298
22286,249.47444
22287,245.00105
22288,232.75525
22289,232.47643
22290,230.93527
22291,240.63693
22292,239.91408
22293,246.28569
22294,242.76411
22295,242.9212
22296,223.48744
22297,196.28593
22298,166.91972
22299,135.65506
22300,104.08564
22301,86.273766
22302,97.841805
22303,111.81674
22304,129.75967
22305,172.6825
22306,219.5806
22307,235.2662
22308,240.91003
22309,213.09366
22310,250.44171
22311,228.11589
22312,210.46141
22313,209.6359
22314,227.25389
22315,256.59958
22316,244.93056
22317,232.31773
22318,260.04605
22319,237.84854
22320,268.38956
22321,217.48656
22322,178.90588
22323,159.5665
22324,141.28368
22325,119.5933
22326,125.66775
22327,153.27855
22328,166.24075
22329,212.36539
22330,285.18942
22331,306.96707
22332,303.16803
22333,302.26794
22334,306.11285
22335,321.5421
22336,309.8824
22337,298.68405
22338,293.53015
22339,285.54266
22340,284.0201
22341,283.47293
22342,268.5845
22343,248.71956
22344,173.31398
22345,129.528
22346,104.6056
22347,101.10161
22348,82.855034
22349,69.081245
22350,71.080864
22351,80.78862
22352,90.22148
22353,105.18214
22354,125.53868
22355,134.06259
22356,133.83417
22357,129.77763
22358,126.88957
22359,137.84248
22360,130.02382
22361,137.26347
22362,141.97705
22363,151.40395
22364,156.90659
22365,150.85953
22366,152.52113
22367,152.76665
22368,161.94193
22369,119.16337
22370,95.673065
22371,91.192
22372,79.12282
22373,67.114586
22374,70.40482
22375,75.65614
22376,85.0875
22377,106.12603
22378,126.19171
22379,134.83092
22380,133.09993
22381,131.3548
22382,123.39708
22383,133.53494
22384,123.87282
22385,127.435616
22386,145.3611
22387,156.66078
22388,164.60458
22389,166.9766
22390,167.86923
22391,176.2098
22392,176.7565
22393,132.99243
22394,110.54248
22395,100.08175
22396,89.43907
22397,84.04192
22398,95.39945
22399,103.34718
22400,118.72817
22401,186.10588
22402,276.3277
22403,310.06656
22404,312.28064
22405,277.17374
22406,305.76086
22407,309.30405
22408,279.7765
22409,266.5414
22410,280.61853
22411,279.21127
22412,274.3383
22413,257.30673
22414,260.07205
22415,243.6854
22416,234.6893
22417,180.236
22418,151.75354
22419,141.58917
22420,117.53898
22421,94.66592
22422,101.332886
22423,112.106476
22424,125.49
22425,173.37341
22426,259.82172
22427,295.26056
22428,293.94672
22429,263.39145
22430,295.5158
22431,300.65753
22432,266.0771
22433,261.72864
22434,272.6432
22435,272.58527
22436,268.98227
22437,244.90688
22438,245.99956
22439,232.3412
22440,208.61182
22441,159.02838
22442,135.14249
22443,117.66453
22444,99.952034
22445,82.11262
22446,89.48108
22447,102.76829
22448,119.16755
22449,168.41476
22450,245.65706
22451,267.23734
22452,258.04434
22453,239.73413
22454,267.07355
22455,269.7367
22456,232.40051
22457,223.707
22458,232.09755
22459,234.53313
22460,229.72697
22461,208.88055
22462,211.17975
22463,198.0525
22464,147.96498
22465,111.529945
22466,95.79498
22467,85.126015
22468,72.56172
22469,61.20557
22470,67.679695
22471,77.39851
22472,88.500404
22473,123.95621
22474,172.34792
22475,194.51819
22476,193.4649
22477,175.83687
22478,193.95319
22479,197.87907
22480,176.8356
22481,168.59735
22482,177.10063
22483,185.2698
22484,177.47095
22485,165.87454
22486,172.05605
22487,163.09543
22488,150.19543
22489,108.55512
22490,85.565735
22491,76.09551
22492,62.056824
22493,53.165474
22494,60.873
22495,66.54202
22496,76.14255
22497,115.38933
22498,170.92166
22499,196.18164
22500,191.70847
22501,165.05634
22502,183.41916
22503,188.10645
22504,164.52335
22505,161.16719
22506,171.4264
22507,185.15482
22508,171.63669
22509,158.45877
22510,163.10419
22511,157.50557
22512,133.38748
22513,99.73526
22514,77.30048
22515,67.649864
22516,53.449905
22517,45.14228
22518,48.33549
22519,52.3916
22520,61.77889
22521,86.96997
22522,109.41859
22523,117.54831
22524,118.793335
22525,111.54277
22526,111.66541
22527,116.70779
22528,104.74275
22529,108.99513
22530,115.43151
22531,135.65773
22532,130.7177
22533,127.15439
22534,134.5982
22535,136.23486
22536,162.6153
22537,116.34632
22538,91.895355
22539,82.080765
22540,70.6537
22541,59.69311
22542,63.6097
22543,67.50644
22544,78.847786
22545,110.37889
22546,129.20891
22547,146.79149
22548,146.10556
22549,143.94545
22550,139.86844
22551,144.968
22552,135.65227
22553,138.47937
22554,155.71495
22555,177.77042
22556,177.76923
22557,184.74597
22558,193.16684
22559,198.4465
22560,178.20886
22561,135.0901
22562,109.41969
22563,96.432724
22564,83.83038
22565,79.61476
22566,89.216774
22567,98.51311
22568,114.97826
22569,180.83606
22570,271.40872
22571,313.33948
22572,310.7083
22573,275.13956
22574,308.39038
22575,302.735
22576,271.8839
22577,260.8282
22578,268.54245
22579,294.43756
22580,279.4579
22581,262.03537
22582,278.46414
22583,260.02725
22584,232.33687
22585,187.40152
22586,158.37971
22587,140.2814
22588,117.20449
22589,93.378494
22590,95.76387
22591,108.19135
22592,121.42055
22593,165.717
22594,233.4924
22595,264.7237
22596,265.36282
22597,249.4993
22598,273.6597
22599,274.7615
22600,246.99834
22601,237.01993
22602,241.34947
22603,260.18536
22604,250.81258
22605,233.93292
22606,240.23134
22607,231.46884
22608,223.2294
22609,178.58746
22610,153.75488
22611,127.72691
22612,111.333466
22613,88.44661
22614,90.31897
22615,107.776085
22616,124.09309
22617,169.01047
22618,228.10594
22619,249.29858
22620,244.32292
22621,234.66322
22622,261.2705
22623,260.52286
22624,231.8477
22625,218.35455
22626,222.00381
22627,236.29692
22628,227.35089
22629,218.3145
22630,227.35382
22631,215.09592
22632,194.18414
22633,156.5833
22634,138.44406
22635,124.727745
22636,109.14188
22637,88.90663
22638,90.808716
22639,104.77125
22640,117.744225
22641,152.19601
22642,194.38277
22643,215.07573
22644,217.17422
22645,207.93932
22646,225.38669
22647,225.23508
22648,206.86995
22649,194.44202
22650,198.88046
22651,211.11874
22652,201.7089
22653,196.6656
22654,208.4197
22655,198.48132
22656,172.38998
22657,134.39468
22658,107.73662
22659,95.996796
22660,81.55573
22661,67.67318
22662,70.20384
22663,76.15031
22664,85.18805
22665,124.65307
22666,172.85204
22667,188.81174
22668,189.51193
22669,167.5558
22670,179.77182
22671,184.68506
22672,165.4832
22673,165.48724
22674,174.77667
22675,193.08417
22676,179.84062
22677,173.28821
22678,176.88768
22679,174.33342
22680,180.0097
22681,147.14024
22682,115.652855
22683,103.07071
22684,87.23009
22685,70.32985
22686,69.01642
22687,74.65292
22688,83.29707
22689,113.25474
22690,140.42896
22691,148.25621
22692,151.06409
22693,143.79831
22694,144.13274
22695,151.80199
22696,136.17683
22697,143.31903
22698,147.1969
22699,173.24051
22700,166.99245
22701,163.99301
22702,171.79077
22703,171.19742
22704,164.57758
22705,124.21214
22706,98.55331
22707,90.65282
22708,82.34785
22709,68.172325
22710,68.8712
22711,71.831314
22712,80.37184
22713,110.82036
22714,129.88219
22715,144.06134
22716,145.68689
22717,142.3999
22718,141.18628
22719,147.90489
22720,136.40924
22721,139.8513
22722,156.86043
22723,182.91035
22724,178.37941
22725,182.96675
22726,190.33292
22727,195.10474
22728,169.26505
22729,127.30658
22730,106.4222
22731,94.05614
22732,85.47964
22733,79.19284
22734,85.40668
22735,95.24545
22736,110.68762
22737,170.2763
22738,256.80148
22739,310.74976
22740,320.94604
22741,275.00146
22742,327.5303
22743,328.5503
22744,289.07867
22745,292.96515
22746,305.7717
22747,333.98285
22748,325.46942
22749,302.58047
22750,314.00537
22751,304.32825
22752,213.93242
22753,170.85371
22754,144.767
22755,129.6047
22756,117.11835
22757,92.7865
22758,91.802246
22759,104.45825
22760,117.34272
22761,158.4476
22762,234.63052
22763,276.55194
22764,282.7621
22765,252.79628
22766,294.4756
22767,299.49582
22768,268.69315
22769,274.50494
22770,283.02634
22771,304.82626
22772,297.64185
22773,273.77655
22774,276.0324
22775,272.36462
22776,280.49677
22777,216.5806
22778,172.43654
22779,144.39949
22780,114.34665
22781,105.00902
22782,106.314735
22783,122.9978
22784,142.8613
22785,190.36978
22786,236.98328
22787,252.9039
22788,257.57697
22789,240.04576
22790,259.468
22791,261.96237
22792,248.87787
22793,261.89307
22794,267.94034
22795,275.293
22796,281.5112
22797,261.04974
22798,266.80524
22799,253.79605
22800,203.8713
22801,158.15387
22802,132.23134
22803,115.24623
22804,94.34254
22805,84.73454
22806,82.27522
22807,101.1906
22808,112.6613
22809,150.799
22810,205.8172
22811,241.39061
22812,240.90024
22813,212.27344
22814,234.8441
22815,233.90862
22816,218.91486
22817,231.30473
22818,222.30942
22819,244.26491
22820,244.404
22821,220.30374
22822,231.29189
22823,214.33557
22824,182.0197
22825,140.4233
22826,115.69347
22827,99.410835
22828,82.951294
22829,72.51943
22830,70.550934
22831,88.93896
22832,96.422226
22833,131.92142
22834,181.69255
22835,219.26003
22836,215.69667
22837,195.52101
22838,235.19907
22839,239.64874
22840,223.38675
22841,227.02847
22842,219.73474
22843,234.83746
22844,237.78522
22845,222.03966
22846,236.22859
22847,210.11282
22848,259.02573
22849,196.67993
22850,152.43675
22851,128.75453
22852,102.15787
22853,87.97035
22854,86.912094
22855,101.40586
22856,107.67903
22857,167.20743
22858,210.81825
22859,235.28873
22860,238.06674
22861,227.15944
22862,241.0672
22863,252.18188
22864,248.86107
22865,264.75766
22866,255.45476
22867,282.7235
22868,298.97598
22869,266.07733
22870,282.97745
22871,263.59564
22872,229.40582
22873,184.57848
22874,153.84258
22875,125.80644
22876,93.38137
22877,83.18364
22878,80.575294
22879,102.04759
22880,124.75575
22881,172.5863
22882,204.45367
22883,248.31313
22884,246.65114
22885,228.50723
22886,254.00475
22887,253.78354
22888,257.22235
22889,261.061
22890,263.3017
22891,291.0193
22892,300.99014
22893,282.75452
22894,314.4518
22895,291.12708
22896,182.68547
22897,151.95609
22898,135.86661
22899,111.46102
22900,100.628265
22901,84.57521
22902,75.74213
22903,97.22087
22904,101.17388
22905,129.6941
22906,145.62906
22907,172.10004
22908,177.02863
22909,175.8115
22910,193.47336
22911,197.41937
22912,198.24603
22913,194.83252
22914,188.1905
22915,199.33427
22916,210.73364
22917,191.42299
22918,208.22217
22919,199.65712
22920,283.29718
22921,222.8128
22922,188.85211
22923,155.74687
22924,130.7059
22925,112.813965
22926,117.92362
22927,134.12914
22928,140.08334
22929,194.41649
22930,206.2744
22931,233.91948
22932,248.79637
22933,244.47037
22934,266.82275
22935,267.68988
22936,274.52795
22937,273.4763
22938,274.5692
22939,286.6875
22940,313.84814
22941,290.41403
22942,318.5301
22943,282.84586
22944,249.12486
22945,199.34775
22946,175.72113
22947,151.96448
22948,118.332565
22949,98.25914
22950,105.80256
22951,129.94786
22952,140.95602
22953,175.20827
22954,205.96922
22955,233.27649
22956,238.3043
22957,220.70415
22958,232.86362
22959,228.94475
22960,232.12689
22961,238.76552
22962,240.93022
22963,261.26602
22964,254.98218
22965,263.67285
22966,265.45847
22967,253.35031
22968,366.2373
22969,285.71637
22970,243.51337
22971,198.51404
22972,167.79042
22973,147.95084
22974,161.99289
22975,187.66269
22976,197.72977
22977,270.02045
22978,348.2834
22979,373.35382
22980,374.23633
22981,345.23853
22982,385.7354
22983,377.10468
22984,356.0752
22985,364.19855
22986,381.74158
22987,414.77994
22988,397.58252
22989,387.7409
22990,384.6081
22991,384.20197
22992,374.20575
22993,291.91473
22994,256.1715
22995,208.71498
22996,187.23477
22997,157.8377
22998,167.99142
22999,192.47137
23000,213.90332
23001,270.30905
23002,266.7787
23003,283.9011
23004,291.9396
23005,323.51584
23006,329.71283
23007,304.84525
23008,323.74973
23009,317.01416
23010,315.54272
23011,331.3202
23012,375.88623
23013,362.53027
23014,406.4251
23015,356.0573
23016,298.22812
23017,235.99228
23018,194.72171
23019,163.39688
23020,132.62898
23021,114.048706
23022,121.221245
23023,141.62936
23024,154.00258
23025,215.0335
23026,277.72607
23027,285.5088
23028,285.89102
23029,274.16846
23030,287.40158
23031,280.56604
23032,266.5344
23033,266.11313
23034,261.55444
23035,286.11108
23036,295.98758
23037,294.8616
23038,292.5669
23039,296.26868
23040,379.89252
23041,322.08994
23042,254.69977
23043,205.19073
23044,154.93079
23045,126.40301
23046,139.769
23047,167.89404
23048,196.72614
23049,282.0568
23050,346.95135
23051,356.2312
23052,380.72748
23053,343.14874
23054,397.6082
23055,364.76843
23056,341.7871
23057,342.14362
23058,354.40808
23059,403.84888
23060,398.79388
23061,355.0218
23062,402.89575
23063,362.79474
23064,222.29665
23065,182.31552
23066,154.46767
23067,135.42198
23068,114.00999
23069,107.23561
23070,123.33066
23071,135.74202
23072,162.51071
23073,223.34363
23074,321.4795
23075,373.7766
23076,390.3992
23077,342.55603
23078,395.91333
23079,403.67477
23080,395.54688
23081,387.75055
23082,403.14966
23083,414.0601
23084,413.06418
23085,382.2849
23086,372.89447
23087,324.49432
23088,304.58182
23089,256.64578
23090,218.95964
23091,196.31642
23092,156.63275
23093,130.5049
23094,140.9921
23095,154.88246
23096,183.33292
23097,235.80443
23098,324.5878
23099,376.27103
23100,389.35117
23101,343.3623
23102,392.9079
23103,407.4668
23104,395.73187
23105,395.05386
23106,405.70404
23107,407.21973
23108,413.20834
23109,373.05743
23110,366.6566
23111,333.95807
23112,273.9969
23113,227.21231
23114,197.49432
23115,163.34123
23116,132.04938
23117,110.764175
23118,116.98161
23119,135.64197
23120,165.31198
23121,225.44963
23122,303.06262
23123,332.76996
23124,340.2684
23125,308.4109
23126,343.12744
23127,349.23068
23128,332.84094
23129,324.9132
23130,328.3497
23131,339.37634
23132,334.88367
23133,307.00085
23134,314.03842
23135,287.56583
23136,233.04524
23137,192.452
23138,171.5618
23139,150.32498
23140,123.15139
23141,105.50185
23142,108.98601
23143,129.43417
23144,150.91435
23145,195.995
23146,248.9651
23147,277.91977
23148,285.0654
23149,271.66306
23150,296.90863
23151,306.11798
23152,294.9889
23153,274.92578
23154,284.70743
23155,291.58292
23156,284.99298
23157,272.16135
23158,278.89877
23159,257.6051
23160,277.02017
23161,228.00055
23162,184.10336
23163,165.53345
23164,126.79253
23165,107.462006
23166,117.16104
23167,135.45126
23168,155.70285
23169,215.88678
23170,283.39496
23171,316.08023
23172,317.03403
23173,284.09012
23174,311.54147
23175,318.9254
23176,298.36697
23177,292.1945
23178,302.68298
23179,316.57047
23180,304.59406
23181,286.5476
23182,291.59717
23183,276.74057
23184,214.95985
23185,185.96729
23186,161.08763
23187,151.29266
23188,112.48296
23189,93.62408
23190,97.08449
23191,107.16199
23192,123.01803
23193,150.19234
23194,152.10823
23195,159.71432
23196,160.67413
23197,161.41653
23198,155.81467
23199,160.1844
23200,154.99095
23201,156.0826
23202,163.26938
23203,181.53433
23204,179.86823
23205,177.33331
23206,184.61609
23207,184.75572
23208,173.55685
23209,134.37286
23210,115.65814
23211,111.39026
23212,87.50457
23213,74.62779
23214,80.68724
23215,86.942245
23216,101.36329
23217,125.198586
23218,119.166695
23219,138.18877
23220,142.13885
23221,144.35498
23222,136.89095
23223,137.8758
23224,137.5692
23225,138.53699
23226,161.04721
23227,186.4
23228,186.53705
23229,193.19415
23230,202.88564
23231,204.74878
23232,189.64316
23233,150.8488
23234,125.85773
23235,109.47826
23236,89.178024
23237,86.18538
23238,99.49667
23239,112.04129
23240,133.07616
23241,196.39745
23242,264.5356
23243,328.7298
23244,342.96927
23245,287.33514
23246,335.1025
23247,333.37897
23248,313.30737
23249,306.65472
23250,322.79153
23251,361.19485
23252,347.52673
23253,321.39355
23254,342.71695
23255,308.00632
23256,246.44044
23257,209.15173
23258,178.3582
23259,158.14073
23260,124.54263
23261,102.87155
23262,110.62458
23263,126.44311
23264,145.83041
23265,189.75455
23266,242.72147
23267,300.19946
23268,313.49463
23269,263.95294
23270,311.95978
23271,308.88058
23272,292.06506
23273,293.80865
23274,306.21786
23275,343.42636
23276,328.39352
23277,302.88303
23278,319.18835
23279,291.25024
23280,279.10654
23281,238.85277
23282,211.05827
23283,179.59132
23284,143.41713
23285,115.42929
23286,123.80996
23287,152.22093
23288,183.27026
23289,230.4783
23290,297.71204
23291,346.13617
23292,355.0681
23293,312.39957
23294,355.98853
23295,347.29114
23296,329.68793
23297,325.92758
23298,336.5485
23299,380.74512
23300,364.57922
23301,333.91766
23302,347.59387
23303,321.48352
23304,270.78583
23305,230.30232
23306,208.06747
23307,187.06601
23308,151.66412
23309,123.768486
23310,130.88066
23311,163.65334
23312,187.63147
23313,222.65918
23314,266.42587
23315,305.31372
23316,317.9714
23317,301.8044
23318,321.95532
23319,319.03815
23320,301.75143
23321,289.88397
23322,298.59903
23323,334.66302
23324,315.37024
23325,306.31927
23326,320.92487
23327,302.11774
23328,306.45676
23329,257.0253
23330,215.10478
23331,195.45692
23332,152.22012
23333,124.90311
23334,134.52135
23335,160.9105
23336,184.10257
23337,235.37653
23338,286.23132
23339,323.2266
23340,331.36902
23341,314.19995
23342,326.8741
23343,326.31738
23344,303.95764
23345,293.92325
23346,308.11804
23347,346.37463
23348,327.29996
23349,319.5709
23350,324.67303
23351,318.96826
23352,251.5249
23353,226.85359
23354,198.44223
23355,181.96577
23356,143.54218
23357,115.22605
23358,114.100784
23359,129.34631
23360,147.2632
23361,170.41905
23362,169.04865
23363,183.22379
23364,186.64375
23365,189.90561
23366,183.7302
23367,183.91774
23368,173.34299
23369,175.63428
23370,181.24924
23371,213.11653
23372,208.83452
23373,203.35439
23374,218.97096
23375,215.26303
23376,222.4301
23377,180.06091
23378,158.74104
23379,152.62564
23380,126.7271
23381,105.94102
23382,110.00558
23383,116.238434
23384,133.85956
23385,160.78795
23386,155.44691
23387,181.89494
23388,186.14113
23389,191.79514
23390,183.28748
23391,183.3367
23392,178.4186
23393,178.7211
23394,199.37582
23395,235.1538
23396,229.74347
23397,238.76666
23398,254.08113
23399,254.5669
